slide,section,title,anchor,status
1,Course opening,Agentic AI for Video Creation,MODEL,PRACTICAL
2,Course administration,Digital attendance via TRAQOM,CONFIG,PRACTICAL
3,Course administration,Trainer profile,CONFIG,PRACTICAL
4,Course administration,Dr Alfred Ang,CONFIG,PRACTICAL
5,Course administration,Learner introduction,CONFIG,PRACTICAL
6,Course administration,Working agreements,CONFIG,PRACTICAL
7,Course administration,Course facts and competency context,CONFIG,PRACTICAL
8,Course administration,Day 1 lesson plan,CONFIG,PRACTICAL
9,Course administration,Day 2 lesson plan,CONFIG,PRACTICAL
10,Course administration,Learning outcomes,CONFIG,PRACTICAL
11,Course administration,Briefing for assessment,CONFIG,PRACTICAL
12,Course administration,Assessment and funding,CONFIG,PRACTICAL
13,Course administration,Assessment flow,CONFIG,PRACTICAL
14,Course administration,Access the labs,CONFIG,PRACTICAL
15,Topic 1,Meet AI Agents and Create Your First Video,ARCH,PRACTICAL
16,Topic 1,What is an AI agent?: how it works,MODEL,PRACTICAL
17,Topic 1,What is an AI agent?: best practice,MODEL,PRACTICAL
18,Topic 1,What is an AI agent?: prompt example,CASE,PRACTICAL
19,Topic 1,The agentic loop: how it works,ARCH,PRACTICAL
20,Topic 1,The agentic loop: best practice,ARCH,PRACTICAL
21,Topic 1,The agentic loop: prompt example,CASE,PRACTICAL
22,Topic 1,Install Hermes Agent: how it works,UI,PRACTICAL
23,Topic 1,Install Hermes Agent: best practice,UI,PRACTICAL
24,Topic 1,Install Hermes Agent: prompt example,CASE,PRACTICAL
25,Topic 1,Connect MiniMax M3: how it works,UI,PRACTICAL
26,Topic 1,Connect MiniMax M3: best practice,UI,PRACTICAL
27,Topic 1,Connect MiniMax M3: prompt example,CASE,PRACTICAL
28,Topic 1,Prompt your first video: how it works,MODEL,PRACTICAL
29,Topic 1,Prompt your first video: best practice,MODEL,PRACTICAL
30,Topic 1,Prompt your first video: prompt example,CASE,PRACTICAL
31,Topic 1,A useful first-video idea,MODEL,PRACTICAL
32,Topic 1,The six ingredients of a strong video prompt,MODEL,PRACTICAL
33,Topic 1,Prompt in two stages,MODEL,PRACTICAL
34,Topic 1,"Improve the prompt, not every effect",MODEL,PRACTICAL
35,Topic 1,See the whole creative journey,CASE,PRACTICAL
36,Topic 1,Turn vague words into visible choices,CASE,PRACTICAL
37,Lab 01,Lab 01 · Create Your First Video with Hermes,CONFIG,PRACTICAL
38,Lab 01,Lab 01 · creative journey,ARCH,PRACTICAL
39,Lab 01,Lab 01 · review and improve,CASE,PRACTICAL
40,Topic 1,Topic 1 creative checkpoint,CASE,PRACTICAL
41,Topic 1,Topic 1 try it your way,CASE,PRACTICAL
42,Topic 2,Improve the Video with Tools and Skills,ARCH,PRACTICAL
43,Topic 2,What is a tool?: how it works,MODEL,PRACTICAL
44,Topic 2,What is a tool?: best practice,MODEL,PRACTICAL
45,Topic 2,What is a tool?: prompt example,CASE,PRACTICAL
46,Topic 2,What is a skill?: how it works,MODEL,PRACTICAL
47,Topic 2,What is a skill?: best practice,MODEL,PRACTICAL
48,Topic 2,What is a skill?: prompt example,CASE,PRACTICAL
49,Topic 2,Choose the right video toolkit: how it works,CASE,PRACTICAL
50,Topic 2,Choose the right video toolkit: best practice,CASE,PRACTICAL
51,Topic 2,Choose the right video toolkit: prompt example,CASE,PRACTICAL
52,Topic 2,Improve with a creative brief: how it works,CASE,PRACTICAL
53,Topic 2,Improve with a creative brief: best practice,CASE,PRACTICAL
54,Topic 2,Improve with a creative brief: prompt example,CASE,PRACTICAL
55,Topic 2,Create your own video skill: how it works,CASE,PRACTICAL
56,Topic 2,Create your own video skill: best practice,CASE,PRACTICAL
57,Topic 2,Create your own video skill: prompt example,CASE,PRACTICAL
58,Topic 2,Tools have different creative jobs,MODEL,PRACTICAL
59,Topic 2,Skills make choices repeatable,MODEL,PRACTICAL
60,Topic 2,A simple improvement plan,MODEL,PRACTICAL
61,Topic 2,Create a recognisable style,MODEL,PRACTICAL
62,Topic 2,Choose tools by creative need,CASE,PRACTICAL
63,Topic 2,Compare the first and improved video,CASE,PRACTICAL
64,Lab 02,Lab 02 · Improve the Video with Tools and Skills,CONFIG,PRACTICAL
65,Lab 02,Lab 02 · creative journey,ARCH,PRACTICAL
66,Lab 02,Lab 02 · review and improve,CASE,PRACTICAL
67,Topic 2,Topic 2 creative checkpoint,CASE,PRACTICAL
68,Topic 2,Topic 2 try it your way,CASE,PRACTICAL
69,Topic 3,Build a Multi-Agent Video Team,ARCH,PRACTICAL
70,Topic 3,Why use multiple agents?: how it works,ARCH,PRACTICAL
71,Topic 3,Why use multiple agents?: best practice,ARCH,PRACTICAL
72,Topic 3,Why use multiple agents?: prompt example,CASE,PRACTICAL
73,Topic 3,Create five Hermes profiles: how it works,MODEL,PRACTICAL
74,Topic 3,Create five Hermes profiles: best practice,MODEL,PRACTICAL
75,Topic 3,Create five Hermes profiles: prompt example,CASE,PRACTICAL
76,Topic 3,Use Kanban to coordinate the team: how it works,UI,PRACTICAL
77,Topic 3,Use Kanban to coordinate the team: best practice,UI,PRACTICAL
78,Topic 3,Use Kanban to coordinate the team: prompt example,CASE,PRACTICAL
79,Topic 3,Publish to YouTube: how it works,UI,PRACTICAL
80,Topic 3,Publish to YouTube: best practice,UI,PRACTICAL
81,Topic 3,Publish to YouTube: prompt example,CASE,PRACTICAL
82,Topic 3,Schedule the pipeline: how it works,MODEL,PRACTICAL
83,Topic 3,Schedule the pipeline: best practice,MODEL,PRACTICAL
84,Topic 3,Schedule the pipeline: prompt example,CASE,PRACTICAL
85,Topic 3,"Five agents, five clear outcomes",MODEL,PRACTICAL
86,Topic 3,The Kanban journey,MODEL,PRACTICAL
87,Topic 3,Publishing is a separate decision,MODEL,PRACTICAL
88,Topic 3,Schedule only a proven workflow,MODEL,PRACTICAL
89,Topic 3,See the agent team at work,CASE,PRACTICAL
90,Topic 3,Keep review before publishing,CASE,PRACTICAL
91,Lab 03,Lab 03 · Improve the Video with a Multi-Agent Team,CONFIG,PRACTICAL
92,Lab 03,Lab 03 · creative journey,ARCH,PRACTICAL
93,Lab 03,Lab 03 · review and improve,CASE,PRACTICAL
94,Topic 3,Topic 3 creative checkpoint,CASE,PRACTICAL
95,Topic 3,Topic 3 try it your way,CASE,PRACTICAL
96,Topic 4,Create a Consistent One-Minute Micro-Drama Series,ARCH,PRACTICAL
97,Topic 4,Start with the series promise: how it works,MODEL,PRACTICAL
98,Topic 4,Start with the series promise: best practice,MODEL,PRACTICAL
99,Topic 4,Start with the series promise: prompt example,CASE,PRACTICAL
100,Topic 4,Build a character bible: how it works,CASE,PRACTICAL
101,Topic 4,Build a character bible: best practice,CASE,PRACTICAL
102,Topic 4,Build a character bible: prompt example,CASE,PRACTICAL
103,Topic 4,Storyboard a one-minute episode: how it works,MODEL,PRACTICAL
104,Topic 4,Storyboard a one-minute episode: best practice,MODEL,PRACTICAL
105,Topic 4,Storyboard a one-minute episode: prompt example,CASE,PRACTICAL
106,Topic 4,Keep continuity across shots: how it works,CASE,PRACTICAL
107,Topic 4,Keep continuity across shots: best practice,CASE,PRACTICAL
108,Topic 4,Keep continuity across shots: prompt example,CASE,PRACTICAL
109,Topic 4,Use the agentic pipeline for a series: how it works,ARCH,PRACTICAL
110,Topic 4,Use the agentic pipeline for a series: best practice,ARCH,PRACTICAL
111,Topic 4,Use the agentic pipeline for a series: prompt example,CASE,PRACTICAL
112,Topic 4,The one-minute story arc,MODEL,PRACTICAL
113,Topic 4,A character is more than a name,MODEL,PRACTICAL
114,Topic 4,Continuity travels shot to shot,MODEL,PRACTICAL
115,Topic 4,A series grows from reusable references,MODEL,PRACTICAL
116,Topic 4,Build the micro-drama visually,CASE,PRACTICAL
117,Topic 4,Check character consistency shot by shot,CASE,PRACTICAL
118,Lab 04,Lab 04 · Create a One-Minute Micro-Drama Episode,CONFIG,PRACTICAL
119,Lab 04,Lab 04 · creative journey,ARCH,PRACTICAL
120,Lab 04,Lab 04 · review and improve,CASE,PRACTICAL
121,Topic 4,Topic 4 creative checkpoint,CASE,PRACTICAL
122,Topic 4,Topic 4 try it your way,CASE,PRACTICAL
123,Course closing,Course achievement map,ARCH,PRACTICAL
124,Course administration,Access the learning platform,CONFIG,PRACTICAL
125,Course administration,Before you publish,CONFIG,PRACTICAL
126,Course administration,Assessment reminder,CONFIG,PRACTICAL
127,Course administration,Assessment flow,CONFIG,PRACTICAL
128,Course administration,Digital attendance is mandatory,CONFIG,PRACTICAL
129,Course closing,Thank you,EVIDENCE,PRACTICAL
